AAPL,GOOG,MSFT
-0.9564188522973804,-0.30288021944530064,0.6714628297362024
-2.8173220507715313,-2.0845673233085504,-0.929013816102886
0.01024380249947665,-2.316278343675615,-1.4666987256552244
1.4032571955341577,-0.17179727921052823,1.2689116642264686
3.8484848484848566,0.31416965161186194,2.9397590361445847
0.10699348312421808,-1.29463395172551,-0.8192883895131065
-2.467936261173731,-0.7295729674016371,-1.2508850601840815
0.8866308029487957,0.7369706840390844,-0.5258126195028856
-0.37523452157598447,0.9457984721717105,-0.8649687650168159
-2.715829120824653,0.18418418418417737,-1.0421715947649068
-0.7743250127356105,1.2529475240797616,1.6654420769042444
2.5669986651607024,-0.2328840119205089,0.3372681281618828
0.7708479327259932,2.1977804593380945,-1.0084033613445453
2.602821378899267,3.1570593472958652,2.6194518554450763
0.5131680867544564,1.0395361492128607,0.11817537225240482
0.10596281668433516,-0.8784147677679432,-0.37771482530688516
-3.502694380292537,-3.0970135271855104,-9.241706161137452
5.6541683286797095,-1.6647009918601796,-3.4464751958224515
3.11467673430863,0.1297679905623239,1.9740400216333276
-1.4645308924485123,4.673447747712367,-3.8186157517899666
1.2540640966093752,-1.1312047424304916,2.17810862972152
0.018348623853214896,0.14420431474488904,0.7825148407986982
0.7613281966611707,-1.22397165539323,0.5622489959839383
0.7191624943104324,0.9226401703335663,1.4643237486687832
-0.8405639913232177,0.6481164709012832,-0.10495932826030119
0.6562756357670452,-0.5986214710603233,-0.10506960861570436
1.9288236892148758,1.7268893195030222,0.5521956350249768
2.3365316275764103,-0.18114927073412668,-0.4968619246862094
1.2674711346471135,1.2984097287184415,1.6557161629435102
0.48864123446206165,1.1210845153664106,1.8097207859358866
0.5971677188193247,-1.125093605596239,0.0507872016251909
0.6953867028493876,-0.5781841692066081,-0.10152284263958977
-0.21054404581438702,0.5871205083423092,-0.07621951219513035
0.8186344839226978,-0.7222283793268947,0.8390541571319465
2.6954629164573918,-1.3061194113159758,0.6555723651033851
-0.6194978806651541,0.7861249882175514,-0.1503006012024133
-2.5590551181102428,1.4514982604466597,-0.22579026593074758
1.2710437710437672,2.1350344776724928,0.17601206939903413
-1.5044468456487436,0.5253086865477652,-0.4769076305221054
0.48945147679324563,2.3183148670246068,0.0504413619167865
0.2099428955324223,0.4019095089332847,-1.3612301487269995
-0.6368892985837649,-0.047197021343559076,-0.511116790186561
-1.6530319642405256,0.34102833158446977,0.12843565373747978
0.14578509561786746,-1.3281045751634024,-1.7444843509492047
0.4281555060798192,0.20489993464398726,1.1488250652741616
-2.071964529331516,-2.432618237585704,-1.9101703665462155
-1.8197649107531522,-0.6901660373267893,-0.10526315789473051
1.8091521816246736,0.7859261011152308,-2.2918861959957737
-0.6968641114982521,-1.4747558620191614,0.8627662442706852
1.1052631578947425,1.3136198746839467,0.45442395081529696
1.6744750997744084,-0.6618564531004067,0.31931878658861823
1.1263759706459764,1.572825077822082,1.9363395225464153
-0.7594295840013587,-0.270623868666775,-0.49440541243819247
-1.2498937165207002,0.42590662401609247,1.3859832635983338
1.033235749956951,-0.2773652094554824,-0.05158627805004201
-0.4090676666098525,2.0366781510192444,0.10322580645161228
-2.6099606366592476,-1.9995427606703808,-3.3513792214488247
0.6941393550654595,-0.6478125112155952,-0.613496932515345
-0.7940663176265295,-1.230018965050117,-0.5904455179817414
2.5332043275573923,0.6729573549850043,-0.026997840172782173
-1.5355580337994224,-0.7302187023178086,-0.729138536321905
-0.14810942672939253,-0.993595608417186,0.16322089227420733
0.8637989704214144,-1.295580978431643,-1.0592069527430747
1.6176470588235237,0.23218364977717343,3.129289047488326
-1.0470758491529786,0.046702783485885746,-0.05323396326857299
-0.3269098417068128,0.8551955933152833,-0.26631158455391324
0.7595373726911658,-0.1536667098661515,0.1335113484646211
0.4283022100393996,-0.14277767476358338,0.5866666666666687
-0.19617877857385224,-0.15598016823573646,0.10604453870626251
-0.43586018289035744,-1.627331733898718,-0.26483050847457834
0.38626609442060644,0.40269217680644065,1.460435475305366
-0.4873877725523834,0.23913984973731317,-0.2355404344412504
-1.1256229592713551,-1.8259007401284943,-1.28541448058761
2.2855653080733562,2.160269411809712,3.109221365931414
-0.535259133389987,-0.26221647843268636,-0.6443298969072142
1.341077987528827,1.010309665546183,0.8300907911802824
0.8175994605529313,1.4147874100652658,0.8232570105479731
0.4765487835465265,3.301558203483035,10.436335799948981
1.8139457480445875,-1.4445173998686833,0.34658040665433987
-1.5773128473357212,-0.3043016367466844,2.348606953718635
-1.4697334551191599,-0.830804796994633,-0.20247469066367874
-2.7136355975054816,-2.138121949442706,-0.8566275924256184
3.0405405405405483,0.10421706926710961,0.04547521600728466
-0.19335855401430013,0.535415504740655,-0.8636363636363664
-2.257412398921832,-1.8454824512740942,-1.3296652911508389
-0.6290934160634309,-1.2396382818387175,-2.788104089219323
0.6244037811117931,1.2361222387547333,0.9082217973231277
1.878824441954663,1.416996419822869,2.2501184272856634
-1.015142542932057,-0.4682100256400701,-0.7875839703497922
-0.358943680027346,-1.2432331528840934,-0.04669624095259284
0.11150184406896191,0.10963254196281191,0.5839757066105955
2.3389307745030896,1.657792379441858,2.2991175104505324
-0.1423189619087495,-0.8450965824665646,-0.8626560726447075
1.0982562038900134,-0.2903437295120437,-0.5953743989008609
-0.09121817729496051,0.9505917715574075,-0.25339783460032184
-0.008300132802130378,0.3554414172993736,0.0
1.029301900888191,0.6008122090974899,-0.34642032332563577
0.8709226850710738,-0.4423881587436118,-1.089223638470449
-2.1992343406369685,-1.4422987909870177,-0.6560449859418949
1.8655784125926722,1.4032912533814113,2.193396226415101
-0.19622271277901504,-0.0018525722966344915,-0.34618047542118724
-1.1386909150487345,-1.4209492756308006,-1.2505789717461746
0.1988730527013649,0.35331040574317907,0.7973733583489517
-0.4465762487595115,0.971928313264292,-0.6514657980455918
0.12460541618208865,0.20957750658407992,-0.16393442622950616
-0.580768273458887,-0.6681349595602293,-1.0321369927281387
-0.550780272052076,-0.6279113098565325,-0.4740459824602916
-0.6629185197616905,-1.2187576172351111,-0.8811621814717951
-0.29565805034633685,-0.026574037165683073,-0.1922152811148492
1.1437770058459584,1.8986500598074718,2.118440057775639
-0.22616853744344967,-0.3875607892824595,-0.3771805752003865
-1.0998236923851934,-0.4264791156169845,-1.017510648367248
-0.19524617996604654,-0.963687937933233,-1.051876643557248
0.5358509823934821,0.1801972685887554,0.7731336071514772
-0.23688663282571687,0.21016756603238207,0.28770079117717007
0.44945725915874757,1.411404602652766,1.6495338273966098
-0.9962009286618834,-0.007452536657159836,-1.3405456255879633
0.7930416986441591,0.2794909538094581,0.28605482717520836
-0.44839255499153907,0.4255002880023673,-0.6893273116234777
0.8498342823149541,-0.4884547069271772,-0.5983724269985613
-0.4803235864161204,-0.4852744310575696,0.024078979051278537
-0.5842506350550392,-0.6613979037049411,-0.8425613866153148
-1.7545353888084536,-1.912768718614244,-1.9664967225054508
0.728218465539654,-0.19366467249577468,-0.49529470034671563
0.9295120061967532,0.2555186259630027,0.6719761075161923
-0.12790995139421169,0.2989422045071244,-0.0988875154511848
-0.3500683060109422,-0.10317157050057091,-0.02474634991338487
-0.23991089024075762,0.413112496653012,-0.22277227722771187
-2.4821781327836523,-1.55994057369242,-0.12403870007443585
-2.043332746168758,0.7449257976510415,0.6209637357178277
2.6703830246358473,1.8149343166628418,0.22216736608244858
1.9353708731062236,3.097353479335241,2.0689655172413612
-0.04295532646049205,2.6621535083707126,0.19305019305020377
0.9626128061882344,-0.15683478880770263,0.28901734104045396
1.3365114497318586,3.50398057905823,1.9692603266090236
0.8652553763440762,16.052427351901333,-0.07065473386717036
1.8905638377613165,-1.4726643187255695,0.6363422106999916
-1.0053948013732272,-0.10859400923050044,0.7728337236533989
-4.22756172074974,-0.03019779556091562,-3.6950964443411616
-0.04310716441072726,-2.6914363389216156,1.254826254826269
-0.5347593582887722,-3.2159930465015307,-0.35748331744518413
-1.3874436351023145,0.593367117839505,-1.2915570437694313
0.501231093914889,0.11797340815611346,-0.024230676035874588
-0.314988187942955,0.6257961783439514,2.0843431895298137
-0.5090845255859011,0.10444194768408632,1.2820512820512775
-0.8734009704455148,-1.103400306675728,-0.3750586029066971
-2.358490566037741,0.8951263566758794,0.23529411764706687
-3.20845866374988,-0.31051472568559557,1.5492957746478853
0.6591957811469928,2.3090981326976623,0.0924641701340656
0.22452989054166927,-0.17086582372860537,-2.009237875288683
0.33604032483898205,-1.1483164249704303,0.23568230025925452
3.6375476788538474,-0.2471273414135,1.26969198213025
-5.206463195691214,4.2683792782415075,-1.9503134432319547
1.5435606060606233,-0.18463028542026194,0.7103954534691148
-0.07460598713046052,-0.471526472193573,0.0
0.6999533364442367,0.10206413283571081,0.5643075476134518
1.0379981464318622,0.5706720233747298,0.6780453588964175
-0.5687029902770036,-0.717236370239227,0.5573618207152631
-1.2730627306273168,0.7269900781857297,-1.385681293302532
-2.0556905251354896,-2.12891511575124,-2.0374707259953273
-6.115245182217133,-5.310514354621776,-5.6896963901506
-2.499745960776334,-3.733999477533956,-3.219264892268703
0.6044815007816506,-1.2805074540798267,-2.9072812991094765
5.739148451258669,7.999175342748188,5.5300782303749685
2.939159400411473,1.4301167637046142,2.7862985685071617
0.3331112591605567,-1.1339219899311526,0.07460830639145488
-0.47429330297855676,-1.9242361750055559,-0.9194831013916605
-4.470072436141825,-3.3093408815204284,-3.9127163280662014
4.2901326948019625,2.768530754947407,3.6805011746280147
-1.7506935807901969,-1.3168603704788895,0.3272910372608351
-1.002921129503409,-0.9154639175257606,-2.0577164366373912
2.7835152945804964,2.3239553853837025,2.997694081475788
-1.9234449760765604,-0.31562164448637464,-1.8656716417910446
2.205093179822426,1.4084736910823903,0.5069708491761693
1.4510739856801846,0.7113543091655128,0.45397225725094525
0.9598193281264766,-0.40430190005912303,-1.0042681395932673
0.8481685152390783,1.9093768050831184,2.1810803956378466
0.11090573012937366,0.1322543061372361,0.7197815835194854
-2.1418020679468186,1.0880845309600762,-0.12321340561852745
-0.41509433962263476,-2.123191787214185,-1.7271157167530249
1.5536187949981128,0.9837107667858724,1.4561888024102299
-1.5671641791044855,-2.006483696336392,-0.4949269982677418
0.8055344958301847,-0.052995872745675854,-0.04973887092764029
0.6016734041553118,0.5527347515907,0.0746454341876035
-0.2523128679562725,-2.2099712368168656,0.07458975634013765
-1.9861345325088875,-2.7909864862656786,-1.4906832298136719
-3.001338176256929,0.013447864311055824,0.35308953341739446
1.1332282223098122,2.2606181824293525,1.8848957024377944
-0.6528305563675341,0.47171361888169727,0.7893438579181122
0.7355825814044703,2.5552520080485586,2.1536955457660323
0.36023756206795543,2.322502432566087,2.3239099185433654
0.47535894450911886,0.6188909847693713,0.25755092484196496
-0.47310997393067433,-0.47719385225583055,0.11676786548340257
-1.1544431509507125,-0.4981630238495627,1.3995801259622187
2.3947394248699627,0.6962262970148458,-0.7361398665746477
-0.46966356752611294,0.4754432031820466,-0.2317497103128674
0.1733436055469939,0.8706140689996422,-0.23228803716607294
-1.4131897711978425,-0.17476621186570673,-0.4423748544819639
1.4919551438322687,1.624792677682918,0.7015902712815825
-0.730207532667182,0.06951370628949238,1.0682768230376283
0.6194347657762389,0.5889459377831363,0.22977941176469674
1.8276260100038577,-2.3750187659510646,0.3209536909674515
-0.00944643869261741,-1.1794919111767221,-1.1882998171846348
1.530467642890887,1.4285491978027087,1.757631822386685
3.0985391271982854,7.703401402292154,10.06818181818181
-3.1859205776173294,1.5356125356125405,2.6016931653933373
-0.6339144215530834,-0.6018687393024469,-1.0263634534111499
4.118585233136307,0.6295078265042608,0.5490036600244164
1.0542440079293502,0.5568412932183131,-1.1526794742163782
-0.8559964333482051,-0.8522568766389571,-1.3502454991816792
1.41199748178793,1.4490510825677871,1.1406055578598195
1.1440227030862005,0.1456088530182642,1.701865901168742
-0.4647084612012242,0.8239171374764709,0.463709677419355
-0.4580690627202233,0.43125351938579914,-0.04013646397751369
0.11504424778761013,0.34324786324786416,1.0038144950813122
-0.4066118624591164,-1.2088421282163142,-1.3913734843967407
-3.1507943551965845,0.4731752403813072,-1.1892763555734653
-0.5681818181818232,0.972100175746915,0.244798041615657
-0.3317972350230458,-0.5670383464780993,-0.6105006105006083
-2.9221379692990546,-1.9460361309027285,-0.9009009009009139
1.638407315679169,1.6680613668061506,1.7561983471074516
-0.4311152764761128,-0.5020851624231937,-0.8121827411167515
3.1626506024096335,2.026747552736796,1.6581371545547396
1.277372262773735,-0.2148648648648721,0.1610954490535832
0.432432432432428,2.4634010915345117,0.4624045034177682
-1.3006817366343792,-0.08194554586307135,0.0
0.9633736253749081,-1.018545464165721,0.12007204322594944
-0.7111351156719792,-0.01737317581653741,-1.0393763741755047
-0.19038984587488317,0.2820290048787033,0.44435467582306654
0.41783994913251465,-1.0209793938101397,0.7842348682887579
-0.8141112618724522,3.2911392405063244,1.5961691939345712
-0.9028727770177936,-0.6075302461410081,-0.019638648860964558
-0.9295048775998405,-1.2906949290380165,-1.8267530936947551
3.3255921969345126,1.8962447178887398,3.1612645058023414
-0.6293266205160464,-0.4642610294597005,-0.1745539177657185
-0.04523658735184899,-0.11529642974124066,-0.03885758694384123
-2.208544532947143,-1.411388171098027,-1.4577259475218707
0.48130322102923895,-0.286052607070153,0.5325443786982076
-2.5792188651436954,-1.4130173725082074,-2.197371002550519
-0.614599092284418,1.204542071000314,2.006018054162495
-1.7695747312339472,-0.5844042954384343,0.11799410029498247
0.7651331719128462,1.976055959106815,1.6696130426242517
-2.114571318723568,-1.1423445765014861,-0.7534775888717204
-2.710133542812254,-1.350359606634377,-2.822659139575623
1.2313282196205089,1.1443102352193257,1.2820512820512775
-0.09970089730807485,0.29822004092168175,0.9493670886075778
1.287425149700594,0.04133333333331546,0.8620689655172376
-0.5320721253325389,-0.25456144793485347,-0.2719502719502609
-1.1193660227835633,1.8853554249064652,0.5064277366575665
1.7932278100581067,1.847844618431238,1.065891472868219
-1.2990847357543522,-0.7210919392222515,-0.42186001917545735
-1.9244191843653446,-1.5719844357976687,-1.482765260928176
0.0915006100040694,-2.2454142947501587,-1.211884284597342
-2.508887760284406,0.0997519680793646,0.4550850811238627
-1.9587414044592744,0.14005225026259005,-1.8317904274177677
-4.218916046758769,-2.3170436513272885,-3.471107544141261
0.5325640741151716,-1.6409917537410945,0.31178549158179525
1.6113011808851052,0.21834366733382016,-0.06216328222130585
1.4554143586401613,1.402175886485213,0.912295251917894
-2.56931806016486,-3.5134353436996557,-2.157386480378065
2.186572904076467,2.0212401507365696,2.8559428811423704
-2.3978494623655977,-2.8360756659950748,-4.00163331972232
-0.48474165473173514,1.0569515443876298,-0.8294342832837143
0.13284623048821498,-0.4759258467632699,0.4503538494531334
-0.5085682697623106,1.1654377550289974,-0.6191289496157215
5.311701300144467,2.6408525453233134,3.5875402792695965
-1.952094544687133,-1.8724577731816683,-0.9539610120282038
0.5596211795092509,0.19250495313838378,0.7328308207705136
-6.571061643835618,-1.8301918545944096,-1.8083558511743814
0.710194730813285,4.424348919270282,1.629974597798478
3.4576888080072754,1.6403086352194451,5.811289314726098
-0.9344766930518889,1.2181169661484637,-0.6889763779527436
-2.019753634446775,1.6821808510638192,-3.111992071357783
1.9821044285876166,-4.930360295560055,-1.5957446808510634
0.7996446023989412,-2.6054061489786173,-0.31185031185030354
-2.6663728514764284,-3.4519286450756304,-3.5245046923879086
1.0527507357935173,-0.12142136138215687,-1.49156939040207
-0.022403943093984857,-0.6781498081260828,-0.26333113890717463
-0.7619047619047747,0.8862868856085226,0.8580858085808662
-0.5983967483346397,-0.14763491785066973,-0.043630017452012115
0.3066787823716499,-0.1039364084847283,1.6368398079441349
2.819612727890375,1.2602579132473757,1.8896285162121496
1.5308370044052833,2.5180897250361767,2.613277133825065
-1.8982536066818545,-1.559853190287963,-0.4313000616142926
-0.23219814241485226,0.5105040510503978,-0.7219471947194633
0.8755402859359274,0.7918277667603668,1.599833783503013
-2.2522522522522515,-1.5018543158848319,-2.781186094069532
1.48364617286727,0.533160882374073,0.33655868742112904
0.6866762653671366,0.8848419006232566,1.4465408805031332
0.15399846001540318,-0.09635139922068436,-1.5292415788386027
-0.23064250411860554,-1.0353581913852605,-0.8184679958027297
3.974020255394106,3.015320234461205,3.3432077867118215
0.22233986236102066,0.005564752855424793,0.6961506961506991
0.7394886963870695,-0.8944842456701796,-1.138674257828387
1.4890939597315356,-0.21476095561606678,-0.5964623611682374
-1.1056003306468387,-2.212719267397212,-1.9242706393544418
-0.8254100929892316,-0.17118361240576752,1.2025316455696267
0.09481668773705376,1.6239895096329837,2.313946216385232
0.04210083149140953,1.074811411718013,-1.4873675631621786
1.0836401893740133,1.9640301899497725,1.9441571871768204
0.24979184013320666,0.5049393247296363,0.2028809089064776
2.014119601328912,-0.2956919328122143,0.7896335290544565
1.3230205577040577,1.0654511004626999,1.4061872237846496
-0.16070711128967075,0.22959149017103275,0.574484944532494
0.12072434607643956,-0.024397516874941072,-2.146937167618679
-0.010048231511239347,0.608731019522768,0.7045088566827618
0.7637423374535102,-0.18057108976000658,0.3797721367179596
-0.5584920714072017,-0.36314546068174636,-0.17921146953404632
-0.4312506268177696,-0.37395333712706424,0.43885896668660607
-0.45326349717970116,-0.24071807425540825,-1.2313803376365562
2.367702114742487,1.5323163333469614,2.1918359139352583
1.7495304932292122,0.7733931280798023,0.6099960645415292
-0.5245774237419787,-0.743474611274686,0.33248582045763975
0.9179687499999867,0.6658164977515257,0.6042884990253405
1.0257402748209854,-0.6160739288714634,-0.25188916876575096
-1.1781609195402387,-1.004977928054851,-1.5540015540015495
1.0468159348647754,1.0693955001355615,1.0260457774269982
-2.177458033573143,-0.7255025546809124,-1.2109375000000089
0.10786428711511142,-0.15264494515588867,-0.059311981020171434
0.3330394749730736,-0.41263613610227345,-0.21760633036597143
1.2984477203944245,0.9495992392338115,0.6344171292624878
1.4552814186584273,1.1613667254303017,1.2805358550039392
0.04749691270067302,0.19688181769808022,0.019451468585884868
-2.0034181541967344,0.7700477960701058,0.5250875145857536
-2.1606433485127363,1.0026350461133093,1.4509576320371531
-0.5248564072093509,-1.6540352982611806,-0.11441647597253413
0.19910403185665615,-0.16712426883132014,-1.431844215349365
-1.0829607550919107,0.8596064676418713,0.34863451481697005
-0.271193250301327,-5.317859683325866,-7.180081065431376
-0.5640044314633941,0.6093743478442271,0.6446246620918972
-0.6988757216651487,-2.075641291571595,-1.2809917355371847
-6.252549979600175,-0.3247945321546486,-0.9836751778987018
-3.057338700903056,-2.099625977558661,-2.029169308814205
-1.1560044893378252,0.28798008740702485,-0.06472491909385036
-0.10219143862835178,0.7503499228005417,1.4896373056994872
1.648101841327576,-0.8378568052591628,-1.6379493724739347
-1.039919490104002,0.4824079958403171,0.17301038062282892
-0.40677966101695384,0.8236308753773125,0.1511226252158826
-0.5672793283412747,1.3814635815405651,0.8838111661995995
0.07987220447283061,0.2503093711328619,-0.6196581196581175
0.6840725116862512,1.4419974751016973,1.8920662223177898
-0.9738421469822178,-1.0910146851406233,0.0633044946191097
-2.344196683819322,-0.27681080400956404,0.8857022353437438
0.1990632318501051,-0.3476749239460952,-0.8361204013378032
3.704569358420007,0.7962522684748841,1.475548060708265
-0.4169483885508085,-1.4319809069212375,-1.8695471541337771
1.1429218060427626,0.05663877207142676,0.592718035563089
-0.38039829939582326,-0.8929708616956411,-0.9469696969697017
1.0893980233602774,1.3450993831391367,0.5948587210537593
1.2665259415620467,-0.774931665116807,-1.1826821541710664
1.5249588590235952,2.2506531864137314,3.12032485573841
1.7614004754700652,0.7193545251287903,1.0362694300518172
0.785812891579063,-0.1585616391137079,-0.4512820512820537
-0.05268148772521464,1.1793625365961402,0.8448382443849045
-0.4954670040059006,0.4176562116124938,1.2872905598692252
-1.3984532259773363,-0.21339640080466626,-0.282428888440589
-0.7521220586655053,-0.510794796703673,-0.6878413918672832
0.20569448955287672,-1.1035049288061316,-1.3240985944184214
0.7238547968885012,-0.8015615914943264,0.6606110652353392
0.4075941220637036,0.013955760240036419,-0.061525840853160485
-0.09614357440445032,1.6228284378706492,-0.12312743689717465
0.7271171941830801,0.04119294776734339,-0.8013149784261375
-0.8280254777070062,-1.2586126437728273,-0.2692626346313176
-1.5093127809890805,-0.1459529336539589,-2.5960539979231534
0.13042060645580555,-0.012528537223677194,-0.6183368869935979
-0.3364810593726286,0.09049521767581226,-0.278910105127661
0.42474406447396973,-1.1906749012407403,1.3984509466437256
-2.2774102591909706,-2.6240216228391233,-0.5092297899427112
-0.2441460437243359,0.2876886601514972,-0.1279590531030106
0.8566025141840017,0.32145997607069265,2.2421524663677195
-0.3750275755570298,0.21840963301433813,-0.3968253968254065
0.5757307351638818,0.6322943251225732,1.803313063535339
-2.8071334214002652,-3.7969994443415422,-3.9958805355303717
-1.4610941216445905,-1.030775154764374,-2.8105556747479166
1.6896551724137954,1.7627869392152773,2.0750551876379753
0.8590482649485809,0.5984942062231768,2.227508650519039
1.2775972206656938,1.1679408282293746,1.2481489316691352
0.29877171627752386,1.027308192457732,-0.020894274968652482
-0.9377758164165861,-0.6092590208950033,0.02089864158829613
0.5679919812896728,0.40578458881932455,0.41788549937318287
0.4318936877076407,-0.34538601544921166,0.0
0.7718601830411398,1.47693281178094,1.7894298793175167
0.3063792537476795,1.3406459475929333,0.5519215044971215
0.45816515763064114,0.7761260820316362,1.1791014433828018
-0.5646650016288501,-0.5078818827708664,0.5625879043600346
1.9766299006224841,0.5537114005969457,0.41958041958041203
-0.010708931248648579,-0.15257646161315197,-0.05968961400716344
1.0710078183570726,1.9351253733416618,0.47780211029266884
0.031789763696088436,0.4333724004470074,-1.604913810184272
0.09533898305083,0.5739795918367374,5.296012887635926
-0.5291565244999519,-0.3453905206492358,-0.19124115509657758
-0.776678370039352,0.5564355631371587,1.3795746311553891
-1.3403388376581615,-0.39987074884886287,0.2835002835003042
-0.684708183893068,-0.18248915203373794,0.05653976630231039
6.489384985773694,0.45367135234690714,-0.9983047654925636
1.3564895694173185,0.5581244860266565,0.019025875190248343
-0.12166683564837077,3.067394189647543,0.8369792657409114
1.7663181402903128,0.5320048387726262,-0.1697792869269854
-1.486284289276807,-0.23418900734912818,0.0
1.2555690562980892,0.273645713099957,0.6802721088435382
0.6199999999999983,-0.20305750278071244,0.7507507507507505
1.5205724508050134,1.3750469796918185,0.987332339791358
0.8223201174742956,-0.05880698524711736,0.16602102933036544
0.407806583163417,0.31979124027834427,0.2578268876611389
-0.7446088386036109,0.05355366842627607,-0.31227038941953333
-0.06819953234606935,0.021664882499883298,0.4790860512253525
0.23398654577362343,-0.20768299675096857,-0.6235099944984501
1.2061083552183494,-0.09958887668853889,0.3137110167927615
-0.09610764055741905,-0.6773682327079533,-0.5518763796909409
-0.14430014430014682,0.3564351339526928,0.20347761746208892
-0.12524084778419153,-0.3090100139759633,0.07384160974708287
0.25079579434745813,-0.2675241157556352,0.03689356207341454
-0.7697488694313637,-0.4217069459131806,0.0921998893601339
0.31028798603705,-0.009065596062929338,0.3684598378776549
-0.7539874335427799,-0.31602942700239556,0.11013215859030367
-0.4285575143664122,-0.02988410165791766,0.38503850385038785
-0.5869118654015515,0.016896063217264334,-0.25570776255707806
-0.1082357571583148,0.3391636562102063,0.1281816517121337
-0.768321513002368,-0.39629605646570587,-0.3657644476956934
0.09926543577527536,-0.2652485404829208,-0.7342143906020504
0.5850852836176257,0.22553940421095042,0.22189349112426981
0.9366065266686263,0.3486042821093216,0.14760147601475815
-0.019535065442466415,1.1173618852565292,-0.1105379513633098
0.6057053536537849,0.03461183468362883,0.092216894135011
-2.621868323946397,-0.6445825591080867,-0.4053805048830017
-2.263661747108092,-2.01981117474076,-2.127659574468077
2.244668911335568,1.232130163494194,1.4933837429111474
2.375012473805027,-1.2132324256846294,-0.9126466753585305
3.5383565649673487,0.36857139096209135,-0.46992481203007586
3.4080210883072892,1.2157536492281906,1.643059490084986
-0.5644573925710161,-0.373173007152483,0.11148272017837968
-1.1719465299395715,-0.4135885963999497,-0.5567928730512373
0.0,0.7457228679639494,-0.20530048525568834
-0.018528812303131303,0.6235335295109001,1.6644847578081157
0.9358784284655419,1.415835716678271,0.11037527593820151
-1.6616175525566934,-0.03937958105207917,-0.6798970966556461
0.14936519790889058,-1.6126572626763203,-0.9250693802035137
0.18642803877704228,1.136642513013264,1.8487394957983128
0.7629326386304314,-0.18518282014279297,0.12834616795012188
-1.560480147737764,-0.8380674548339129,-1.080388207288041
0.7785385986305293,0.29418975239028367,0.35172158459828573
-0.4653760238272575,-0.608524488929485,-0.3135952776240569
0.42079670843464534,0.5009319664492029,-0.3145817912657334
0.04655926995065229,0.005151784449353158,0.7054018934471884
0.7446016381235987,0.05022731077826137,0.16589861751152846
0.14781966001480296,-0.22912751332285763,0.11041589988958211
1.7435424354243612,1.4011456881870332,0.4044117647058698
0.21760812403661678,-0.36516782451586627,-1.4646649578908821
0.8956844295666233,0.3920466880355411,-0.13006317354143926
-0.304878048780477,-1.0112702572060872,-0.33488372093023466
0.5486598309048407,0.04369112941569053,0.8773567295127904
-0.06261740763933155,0.18367949854212196,-0.3515914137675713
-0.07160759040457654,1.9616390584132448,0.7799442896935904
-0.29559297742743906,0.7846490455951427,-0.23954302561268737
-0.053903512712250023,-0.5651902682470289,-0.48023642408570044
-0.3955056179775207,0.3011405699085312,4.213066072754268
0.9024456276509385,1.7188535972078034,2.243989314336603
0.5097933995170223,-0.6690361697679337,-0.017418568193694473
-2.251290265171735,-1.0647913132838749,-0.5923344947735165
-0.9558488848429691,-0.46554119163527696,-0.8762705923589187
-0.6617647058823506,0.0025146162067057887,-0.3712871287128716
-0.1572908956328667,-1.3616304361492193,0.07098491570540766
-1.807061440088964,-0.11854080097890574,-0.19507004788082982
0.0849377123442796,-1.9027322264902113,-0.6218905472636815
-1.0655351249410638,-0.8546897359177907,-0.3575898444484249
-0.9054517727792644,-0.014433233175448201,-0.8612955320294269
1.442723862652695,2.690218104511688,2.9140271493212744
0.5878448848013695,1.0210601645964434,0.08793527963417702
-0.160241304552744,-0.657803190345474,-0.49200492004919383
-2.7851208459214516,-2.8969451554163306,-2.4368709164753755
0.592405555016029,-1.1199118757868165,0.5429864253393646
-2.5101370921027155,-2.3792472348213467,-1.5301530153015164
1.326995444642498,3.0445060319530537,1.9744058500914097
2.687646598905391,0.7897269575076749,1.3266403728935172
-0.03806985818977093,0.8829531184596062,1.6631280962491113
0.10473198133866823,-1.3860975325130087,-0.4872955099199494
1.5122693551455235,1.1386646330239225,0.8569429870584067
0.06558605827788888,-0.12090483619345838,0.41616091555400914
-0.5149812734082326,-0.9475835318312531,-1.1742358832671385
0.5082352941176538,0.09067136230436201,0.20968023763761057
-0.19664762618223364,0.8612540699506344,0.1394943330427223
-0.10320885719646844,0.3384359054462216,0.7835625979453198
-0.8359162205316073,-1.6605261792330572,-1.3476157567380853
-0.9376775904527346,-1.3350218985805462,-1.7688266199649694
0.3728845969978023,0.34495667985880996,0.08914244963451612
-0.7144217946275511,1.6015989340439685,1.6387602422515135
0.7675333397294315,-0.44720138488170136,-0.4556607080266506
0.9806721888984127,1.59133722385425,2.3767605633802757
0.9805770318687568,0.6781726941479826,-0.584694754944104
1.6339869281045694,1.6576079956724499,1.5741221241999614
-0.5695911805236431,-0.0025339228927223623,0.3235694822888213
1.6723644091287015,0.8653565953349318,1.29010354778476
0.0,0.12184398944856678,-0.4692475280710595
0.5452562704471031,0.09785840641347576,-0.16837851490150157
0.12653651482283923,-0.8836247414927723,-0.43852251644459495
0.5777216103989957,0.42994436014163195,2.1175673386413685
0.2692514808831481,0.279526567615207,-0.13271400132713884
0.08950948800572345,-0.23354511438687942,0.0
-0.6528349132534306,-0.41532420459121644,0.016611295681068228
0.1980376271491613,-0.17061395748553254,-0.4816475668493636
0.6288743149762022,0.20761858945954614,0.06675567423231055
-0.41960539237567707,-0.8211736466426589,-0.46697798532354673
-0.02689618074233069,-0.287879752881981,-0.13404825737265424
-0.7801990852838392,-1.401397565119622,-1.2080536912751683
0.28018799710773923,1.8553548754890903,0.6963315217391353
-0.1081568273997302,0.0966748925127936,-0.43852251644459495
0.505278354236216,0.9048163680264398,0.0
1.1221833198671316,1.527669328228498,0.8639674741656833
0.9144176136363535,0.06202319667556466,-0.31911320120926456
0.09677135567871531,-0.2305832765139848,-0.033698399326032025
0.5361223413605121,0.3876787733446019,0.9101634923310176
-0.4108750764927005,-0.19185305293906163,-0.9186570903624514
-0.18433988764046116,0.18850141376061114,0.15171948752528142
0.809075718934138,-0.40476308362628055,-0.2693149301464359
-0.008723719794112572,0.1814543691974979,-0.050632911392411994
-0.17448961786773465,-0.4838289478581337,-0.32083755488010457
0.18353434714211136,0.3552862859493633,0.7115026257835
0.06978975835296719,1.7751111773620432,0.3364171572750152
-0.09589399354894557,0.5565658908105675,0.905280804694053
1.5968586387434591,1.4322647990580917,0.2492108323641995
0.0429442583526507,-0.4212189021982393,0.9280742459396585
0.008585164835150927,-1.0623084780388203,2.3481116584564754
-0.2575328354365136,-2.549464964594128,-0.9947055992299059
-0.23237800154918276,-0.6892511716023675,-0.7292173067574237
6.0990338164251146,-0.1367989056087482,-1.6650342801175277
-0.17074558907227422,0.35566168153826627,-0.6474103585657365
0.4316663951783761,0.3706811265700827,0.8187134502924076
0.932608871948748,-0.018715143046077465,-0.06629101756713274
0.9561304836895435,0.7025731899068965,-0.3316749585406287
0.38201352964584157,0.17472768504405156,-0.149750415973382
0.7214778403234812,0.14597095425417095,1.1498083652724533
-0.22040302267002376,0.5076831859281539,-0.09884678747941189
0.8835594824865733,0.6845527056423384,1.121372031662271
1.2980919612136432,0.14769786631512183,0.37508153946510525
0.36282229427204715,-0.1791699677006542,-0.06498781478472271
-0.11537574032765008,0.632494077999457,-0.016257519102580442
0.26952102263975153,0.4744224422442267,0.1626016260162677
0.7219107595422658,0.43353822744451875,-0.21103896103896735
0.2973694243232794,-0.10821730033907517,-0.19521717911176184
-0.418123764634315,0.06861187346527409,0.4074979625101838
0.09161004656843552,-0.3235778812264778,0.0
0.19830676531156222,0.077234987449315,-0.6006493506493626
0.045672527974427446,-0.731960254678754,-0.39196472317490905
2.046716883512123,1.4613525102950664,1.492047876701097
-0.5964807634953884,-0.5519371677601637,-1.4216478190629989
0.5925592559256065,-0.18660534774809223,0.37692559816453475
-0.32063231675490966,-0.15680030877600615,0.03265306122448575
0.13464991023339756,0.4989248351011222,0.19585441488492172
-0.37352457791722804,0.41591037492036964,0.9122006841505215
-0.23245350929814723,0.3962316099452856,-0.40355125100888234
0.3307027433295806,0.5449038965994246,0.3079416531604595
0.044947187055210946,0.27156833679216064,-0.3393116820164854
-0.14975664545116008,0.009461409276911859,-0.45395590142671693
1.0573678290213717,0.18684515503417654,0.5211726384364734
0.16325319085781498,0.186496694995264,-0.16202203499676715
-0.4963698325677779,0.3935059732792956,0.35702693930543816
1.0498101407192317,-0.43655823123504023,0.08085381630011934
-1.1494252873563204,-2.1145685997171038,-1.0987235417676544
1.1329755515802065,-0.10476121667509775,1.2743015847083816
-0.35377358490567,-1.447703082245444,-0.24197451201806164
-0.19970414201182507,-0.38528339734339445,0.16170763260023868
0.17045875639218888,0.6237491251550153,0.19373587342590426
2.0716188221367338,0.17205403228757188,0.2900418949403738
0.22470281240940526,1.2778346245675642,0.2731362467866205
-0.13018008244739532,0.010824984063217968,0.36853068418523094
-0.1882830038380745,-0.23331328923632544,0.2234993614304015
0.02902125807153766,1.0837070254110515,-0.46193055113092907
0.7398273736128003,-0.47462882356447134,0.2720435269643051
-0.5183958528331756,-0.3786381010580375,-0.27130545802743766
-0.24607367735396402,-0.42457993047954057,0.2720435269643051
-0.22491475005441686,-0.38773735323960334,-0.07979572294924964
-0.11634671320535084,0.007275637527737189,-0.22360645264334345
-1.077460687245213,-0.16732748899639383,-0.08003841844084203
0.11775095672652558,0.11781138033644112,-0.3844921499519427
-0.5292561011467245,-0.09219720496895789,-0.43422322290126436
0.5542417972214109,1.6525814755451895,0.8237764496850319
-0.4409495112809525,-0.04180751818625428,-0.14418455623198545
-0.36908540636303444,0.16610501661049604,-0.5294400770094576
1.2521301029858378,0.41039834886245075,0.7096774193548372
-0.12439631201520696,0.18297392027566417,1.3773222293401721
0.9671038171294555,2.3209478290776575,1.6903633491311298
0.6167912343081117,1.10575362789187,0.5748019263631887
-0.58416270012982,-0.06534449157399314,-0.12357120790855713
0.07254261878852919,0.28908033450725235,0.6495515001546659
-0.09423704240666408,3.6271089505290233,0.27658266748618043
2.038891307502544,0.7296127864364843,1.3790989886607319
0.6328663869729079,0.4240770571024788,-0.15114873035065868
-0.3038439796495207,1.1566496442756646,-0.31789282470482405
-0.3614714012332487,0.49836037279944456,-0.3948367501898087
1.6574192630530504,-0.4862288817809035,0.27443207806066017
2.721992862640832,0.77335433002923,-0.07602250266078858
0.6403269754768459,-0.2279781654714763,0.13694461351188014
-0.47380533369434374,-0.36366757136573336,0.3950767360583418
0.8637105549510471,0.19595598527100133,-1.2259724534584349
1.395725170251505,0.17408123791102792,-0.1225865767698453
-0.25269317728421337,0.5213361652828707,0.07671064743786093
-0.15333333333332755,0.6317496905280162,2.0082783995094333
-3.351806102690802,-2.4793213149522764,-2.780282536819967
1.5198618307426415,1.1548248189469534,0.3400834750347803
0.3402517863218879,0.4052717578259424,-0.01540594669541262
0.6103763987792554,0.8404620935535956,1.109399075500761
-0.12133468149646554,0.7389633278831242,0.3352636391344088
-0.3037052034824739,0.6471195801100338,0.13669501822601848
0.34524776604385465,1.5267655189746154,1.2437433641741213
-0.16865681710854785,0.19906347339977426,0.47940074906365204
0.04054601973240146,0.45395122855054204,0.641121216639351
-0.5944339367738416,-1.1292372012952412,-0.8000000000000118
0.27860831747756887,0.21661173641771558,0.3733572281959363
1.4840414718438666,0.8945653860075398,2.3657193869959903
-0.9815705128205177,0.8282082820828096,0.7267441860465018
0.3371771528761114,-0.7227960312296555,0.3318903318903388
0.5981584783923743,0.44748456331855646,-0.18696965338702576
-0.24719401389631246,0.25179929455418915,-0.6051873198847257
-3.87783805505324,-3.4146490273639585,-2.261525079733262
-2.389910813823859,-0.7296042449701612,-0.7712844853159262
0.8066243129416728,1.1135857461024523,1.2406576980567907
-0.9771986970684043,-0.27690371302705463,-0.531522220581726
-0.6006864988558402,-0.8887626740712751,-0.5343624758794685
-1.3956834532374063,-0.26848913839394584,0.14923145799132786
2.86006128702756,1.8717146566217702,1.2367754433020295
-0.9079302028656588,-0.7040120329653177,-1.354136002355022
0.5941302791696579,0.9278057709098286,0.5222321695016463
-0.1707820394221904,-0.24597425608421375,-0.014843402107767023
0.4490697840188185,0.888108746303895,1.3509501187648487
-0.31223389156967984,-1.3794674758437875,-0.952101948147055
-1.4379271070614874,-2.619005114095785,-1.8781425613723868
1.4661274014155623,1.4191280342488621,0.8590806330067924
-1.4734144778987934,-2.4136354453529574,-1.882845188284521
0.23118046525070213,-0.9871539241002814,0.6396588486140775
-0.36038633415020893,-1.1037381840590665,-1.0895883777239712
0.41232638888888395,1.4476466006453803,1.3310893512851862
-0.9437360420718965,-0.5506136819822038,-0.7398459912426492
1.0181818181818292,1.3124662232957274,1.2929723151810402
0.6119510439164921,1.1114860819299022,0.7508634930169622
0.3220035778175312,0.1388888888888884,0.014905351020999547
0.14265335235379428,1.4772763926071741,1.6542473919523015
1.3960113960113985,0.3528177743873373,0.8796364169476822
0.8569822983984343,0.9322606528991972,1.4096788257520698
0.34823791614431165,-0.26883126392536205,0.7738607050730817
0.3470294280955022,1.2565291267227385,-0.07110352673491693
0.6294093235578835,0.568676196395268,0.7684644940942231
-0.4536394253900622,-0.28221528700470566,0.49428046886033083
-0.04833252779121722,0.4926922481020446,-0.590219224283306
1.2158054711246313,0.7626526333100347,-0.254452926208637
0.42315042315039797,-3.0234408470530605,0.8078231292516946
0.4757373929590969,-0.30503839276323497,-0.1968227189652727
-1.8939393939394034,-1.4465077020468398,-1.1973517396816402
-0.7032542746828296,0.7964971255446374,-0.17108639863131492
-0.5138175253437072,-1.1714974562679892,-0.4570122822050715
0.8863763260748225,0.03546480386888984,-0.17216642754663836
4.725008647526785,-0.04726964107302223,-0.43115837884448727
-0.9974897608666877,-0.7244273906641285,-0.15877598152425065
0.5271235070394287,0.46662696909003376,0.7373138643920862
1.5465286074605178,0.15086857192119218,-0.38748564867969737
0.8039741159552749,-0.2765343892571326,0.5330643999423845
0.6095188691479736,-0.41972830954153384,-0.4299226139294898
-3.183810260376385,-1.6968252248347526,-1.4680483592400817
1.3912927706031253,0.7881045809267739,1.533742331288357
1.5035125730418208,0.9055217139295024,1.4961875989066176
1.0931435963777547,-0.04877150010295095,0.028348688873136574
-0.4030968072173513,0.5139771421135864,0.5951537480515912
-1.9208531414621643,-1.7239147320272763,-1.704465417664447
-0.2227025610794353,-0.034029287141323916,0.12897678417884695
-0.1838114619575948,-0.4403351378655218,-0.47230571060540294
1.63104242025649,1.9886175633644365,1.3948806442335426
0.12295347181776606,0.2498134509943739,-0.5956601900439673
-0.43950361944157246,-0.6170442286947186,-0.0428021115708388
0.3700337574656043,-0.5850555748523778,0.18555523836709664
1.0089903628484498,-0.227101507822991,0.014247043738424559
0.8900557085227634,0.8185509022663462,0.2991452991452981
0.26656511805025485,0.8987398104831401,1.306632580599354
0.3987846562856223,1.049947825338604,1.0234123089864156
0.0315238635647086,-0.2118531293581638,-1.1101859561476468
-1.197529307954115,-0.9484285318027585,-0.4350266629245092
-0.10844603215105497,-0.06893209111962229,-0.29598308668077333
-0.40232454179705,0.8773347991507086,1.2864009047215408
-1.6286227237753415,-1.009669319942308,-0.4884856943475291
1.8055012384304625,0.2784673502428614,1.0659186535764364
-0.39054997118892487,0.3218237396133805,-0.11101859561476468
-0.7520246818357168,0.32400999924897533,0.7085301472631089
-0.861343177255347,-1.0672769466040677,-0.5931852669333604
1.0125424614580547,-0.521019122050359,0.7354981959478257
-0.7566448942637138,-0.5748188071151406,-0.20664003306241074
0.03909813632216874,0.7442622950819544,0.37272225289894934
-1.6805627931214207,1.0598713400809423,-0.660156787236954
-1.7159136080561854,0.09338972498336151,-0.9691264017721246
-0.9774182676103749,-0.4203978765617511,0.2656228156018514
-0.8849557522124019,-0.8141901715614908,-1.547685443390967
1.7239010989011039,0.4223807507302002,0.0
0.7089325501316468,2.1224834028934048,0.8072510975782654
-0.6167873424510528,0.5304450020646057,0.028097780275349038
0.5531570426335675,1.0121116377040495,0.8286516853932557
-0.20126123708574806,-0.6088978323654293,0.16715419974926427
0.43694541543426446,0.47415737409128855,-0.47281323877068626
-0.6492202663811009,-0.6379268942043659,0.586838060639927
1.2462947992454732,1.9208137188971186,1.7085706348104024
-0.05988422383392811,0.9206565219184171,0.04097241190932355
0.34620505992011275,-0.19307583078793655,0.3822525597269699
0.03980891719745916,-0.4503582395086969,0.0
0.41782729805013297,1.7119062307217714,0.17679858561130413
-0.35004292979328167,-0.1435430881981281,0.9095845777898459
0.6296394485684198,0.18727918771448415,0.4843266514193534
1.8441678192715472,0.23441920620808077,0.20083009773732563
0.36862187156436743,0.018145161290328282,-0.08017103153393768
-0.4445876288659778,0.06349654296600171,0.026745119015769703
-2.362306646818957,-0.842054370926959,0.38770053475936095
0.17234522073446001,0.38092335822033085,1.1586096683979141
-0.0529380624669229,-1.9985832827362882,0.026329647182743443
0.5958686440677985,0.21580876658577886,0.03948407475651283
-0.44096353823877,0.28746883178436544,-0.28943560057886897
0.6412375223110889,-0.0791098599652873,0.15833223380392614
3.5798738833420884,4.802788516903855,6.4154920300355744
2.251252457353048,-0.2119163715207928,0.08665511265164572
1.3954353758372617,-0.046209357886561886,-0.8410636982065456
-1.2722490672212428,0.8714982688070583,0.0
0.731057555293968,0.007801072647484197,1.0477734813521211
2.6077864567316533,0.6727900310068646,0.11109739538326391
1.0190013786489205,-0.6373004803967075,0.38224414303329457
0.32041772978104177,0.7242421288624401,-0.23338656184743733
0.8162299639202564,0.6309697773218659,0.34474267421817917
-0.2053388090349051,-0.8260806847141366,-0.5521472392638116
-0.3292181069958877,-0.30933033376646657,-0.2590993214065307
-0.4010852896071615,-0.22566556751971723,0.06185056902523467
-1.5101267322041978,0.024372410431383607,0.1483496105822768
-1.3228308580361947,-0.4961013645224166,-0.7776817676830139
1.1943208823349982,1.1352616783066205,0.26125901965663445
-0.5539832600710448,-1.2987893462469757,-0.9554535302146783
-0.09688162276717538,-0.06966999970562382,0.15033826108745707
1.8546578580520112,1.5819242326047256,1.4510883162371702
1.0532579589407787,0.14209900530697261,-0.727496917385928
0.0058885879166359345,0.44885902930613675,0.17389144205688378
-0.5005005005005114,1.3069257454762173,0.7315561066335796
-0.5858681500769181,-0.6450327733563466,1.2063023141309692
-2.0775046133698516,-2.4584451170029054,-1.8122111408416353
1.3981762917933294,-0.02446998022825886,0.9909575126966441
-0.4616306954436489,-1.1004395884120943,0.11038881393352629
-0.7348069625971232,-1.137432313372999,-3.7735849056603765
-0.09101389478793909,0.6478551688228418,0.6238859180035528
-0.37046034252398163,1.3162214594836685,1.4677970390990724
0.18287107589147755,1.2323494177026273,-0.3616411023818378
0.024338302403403844,0.5936387533586052,2.027534418022525
1.9526735202871182,0.3905308326503043,1.2757605495584023
-0.5608591885441494,-0.059552396503692595,0.41182170542635177
0.3300132005280343,0.012494233430704327,-0.26537997587454676
-0.029902517792002037,0.820672490174057,-0.7740686985969969
1.0169897104570502,1.4335414383072065,2.5475377864456306
1.4094516167239002,1.2168879617361572,-0.5467728515392789
-1.0686755430974193,-0.5997363388231869,-0.6334408987689777
-0.10625110678236238,-0.5351739081705054,-0.3608371421698342
0.3781835371978959,-0.1239494811962949,-0.024142926122661112
0.0,-0.33000197437080825,0.01207437816952428
-2.5372343556837595,-0.31883183035881224,-0.13280212483399723
0.018120318917613787,-0.6974279387550464,0.3626692456479619
0.2777945528111614,-0.11721318505386602,0.012045290291506916
-1.0779885576633674,-0.16600835766215072,-0.20474527279297217
1.7898453671009396,1.7775229357798183,0.482741974414691
-0.017942583732055706,1.6413145539906138,0.4564016334374088
0.46659089549561106,0.36213140196585947,0.8847441415590573
1.1372432271509636,1.457106038291589,1.2443707039583085
-0.3708936771459004,0.42731553305572767,0.09364391899799873
-0.011818235537419675,-0.06143061051187004,-0.05847269325226501
-0.02363926481887546,-0.32994052031168897,-0.4563538497542763
0.5674765029260564,0.2639192461523221,0.29387563183260745
1.0345030270969113,1.5142195527896307,1.7229254571026864
-0.5119553202629579,-0.04455295564307349,-1.3941698352344822
1.654873983977545,0.9110683212095294,2.0331853236737585
0.08628624022088971,-0.1934663156592964,-0.04580852038478245
-0.44255416977987405,0.6833128280476997,-0.11457378551786856
-0.8197667705807543,1.608777065696132,1.789401238816235
0.02328288707800219,1.2251148545176171,0.3155285102546701
-1.5945065176908857,-0.48975614759353414,-0.08986744551785497
-1.7859254878769826,0.526523740809437,0.5621767483696916
0.23482658959537162,0.46737356562454035,1.8671735241502674
-2.066438397308823,-0.0221118519526442,-0.14268466688617254
-0.5888486781573943,-1.0114156416407116,-1.2640140690261648
0.2714876288023582,0.5370846187558564,2.449070466436609
0.20921789428343107,-0.1914628100586402,-0.7823535803542336
-4.335277863064169,-4.778624646741458,-2.639360420545389
-2.5033699210475713,-5.045417753395098,-4.116985376827909
4.180657054447323,2.3489297215381733,3.7893007977475524
-2.142315470171896,-2.9631686100314636,-1.8876455295580463
-2.7510494026477206,-4.48797421274485,-5.1267281105990765
1.2218606813201527,3.6204968447959063,3.727990285367344
4.028078462244955,1.3644510397194054,1.077031140248197
1.0027117361417703,0.015209992965359298,0.7760018531387525
1.8481518481518577,1.6728447866172447,1.5745316630272344
3.3533594899460617,1.852855940918019,2.0366598778004175
-0.3203036953555949,0.48461707908069585,-0.7096917276558035
-0.33918476643857165,0.6996711728169513,0.7817735090462241
-0.453785526630035,0.8054714003228991,-1.3297872340425454
0.8397312859884876,-0.4238126945849019,0.2583108715183968
1.7368546276469221,1.8217471060788082,2.542847541167248
1.9761459307764184,1.5051606776772974,1.4419925715534188
-0.32106409815386705,-2.2260109289617525,-1.2707301313805597
-0.1552973656965384,-1.2125656135707152,-0.45811518324607725
-1.751252952359006,-3.1872041132222417,-0.9861932938856066
0.6918792143066455,0.8788989453212714,0.2213368747233213
0.3493856635416126,1.1131501872242655,0.6294169611307243
-0.08704230255904832,0.37857607729183673,-0.3401733786897898
-0.9292600766639514,1.331433894033207,0.583571900462454
1.0903974674639327,1.4743520421037326,0.6020799124247578
1.7223382045929103,3.023090586145649,2.2306855277475446
0.9634570434980949,0.3844695010516874,0.24481106971794286
-0.9599096555618192,-2.2610562473164397,-2.442132087492044
-0.8551881413911055,0.9945790171942637,-0.5877231171092623
0.12075905692927602,0.007829559195804414,0.35033939128530367
-0.3503532249727215,-1.2047878355573305,0.44730525856424563
-1.5331412103746334,-3.1618430436811673,-1.813837297708254
-0.029267150550227328,-0.1918495753850502,0.26548672566371057
-2.2659406288424444,-0.6222044073571298,-0.7060900264783787
-1.4138509465612237,-3.83176884716927,-2.91111111111112
-2.315264948954787,-2.622297632211068,-2.906843671320658
4.746500777604967,3.0971935354405566,7.578972182932575
-2.5656253711842214,-4.5679399170156065,-4.601731127424125
-1.1032549067414354,-0.05372599741320094,-0.08039508441483045
0.7827426810477656,2.710639483953181,2.091954022988496
-0.6604696673189858,-2.4539877300613466,-3.0060797117766103
1.028071903472072,0.6895386847099116,1.3464886825304667
1.9133508012918021,1.1574782171085873,2.9206276486084093
0.6935724962630729,0.2604522309147761,0.05564210994881691
-2.559230449498251,-2.020801510006709,-2.3356690023356608
0.993296770262031,0.8351207499205593,0.6035759025168064
1.8825801001629117,1.5943670293958379,2.3205795788997063
-0.4678708913236518,-1.1312085611259848,-1.0952538997676675
0.9817922170653359,1.2294479249389756,1.8680089485458407
0.341759472040537,-0.3137984135746841,-0.5270670912484787
0.6224675553467618,0.8462308237877414,1.1701070758361798
1.3772979282171027,3.4856162931848456,2.018548827059452
-0.22451211789765724,-0.1936396812393104,0.38502673796791953
-2.832910223863372,1.4569808223267033,-0.3409333049222196
-4.0971438750668,-1.3551530752965002,-1.1545862732521006
-0.29100365302457964,-0.5135326573218024,0.36772658446895257
-1.3909587680079327,-4.4470467000796265,-2.338362068965516
0.4345088161209043,0.117649365673822,-0.8716760454595573
0.35111919242585277,1.84688301768543,2.1037399821905556
-1.162136832239935,-0.9605399792315672,1.657036956284741
1.814273974334668,-1.2348915101208613,-2.4021447721179534
2.322115981621753,1.9639644952964996,1.5932315130205321
4.41747572815534,-1.2464933337189343,-1.5790612156608153
0.180148768014865,-0.06442921572074045,0.6043956043956022
3.927141945588497,2.3922556949165896,1.1578372474057907
0.7200267916945613,0.6277368084639523,1.1121909081092785
0.48212801330007604,-0.08342892898111076,-0.4271678769756537
0.7059342598720431,2.7374253968555085,1.1797511797511984
1.4293537787513744,1.367800805349284,1.0069959720161226
-0.3779493547864665,0.06286614976722671,-0.22037989295834448
-0.23846945964988153,0.17664305355744592,0.33655868742112904
-0.9072635410441565,-1.9060170878022253,-0.7232704402515888
0.9320175438596534,0.2353529831453871,0.26396367859782277
-0.6300923411189596,-0.2939626722870958,-1.000421229991566
-0.3662402973652501,-1.133887760872998,0.19146899266033746
0.7132276293410733,1.2397314227840628,1.2846374349718692
-0.2505856076700841,-0.9123918560921762,-0.10482180293501786
0.6389601878652007,0.9310760659231754,1.1857292759706262
-0.11395702192316115,-0.04167862997712657,-0.3525873690760184
0.23360678002934954,-0.3317149104925643,0.052034550941826296
-0.36314363143630235,-1.426101184389128,-0.3536509257333065
-0.21215253223086927,0.7054474121020116,0.9603340292275497
-0.33798517226341085,1.609852032215775,-0.113730355665842
1.8050541516245522,3.180674476262446,1.9770210123175591
0.8381689232753065,1.7677534613666834,0.8729192042224998
0.7672634271099765,0.03247636686007915,0.5031193399074319
0.34898477157361274,-0.24393240089148893,0.3003604325190423
-0.2687322162503891,-1.1452396031243595,-1.5771611100020122
-0.908754689068525,-0.26604737244853016,0.7505070993914842
-0.2452679285523951,0.8136536797309413,-0.5737869941614737
0.5505371746218346,0.8256710236373754,0.2531132935101654
-0.8239421645758083,-0.39760558929887724,-0.45445364572813673
0.05359918529237451,1.5271548039725413,0.5681241757127031
-1.0285530615524618,0.012151511995295294,-1.2710582063956366
-0.05412719891745299,1.839862531025993,0.7254521303770245
-1.6138640671540805,-0.46017759446423945,0.0
0.43485440634118966,0.15238943204971545,1.0042604990870396
-0.5590266359750129,-1.04116802297749,-0.7130661845937469
-0.29210758377424817,-0.18831090302853237,-0.7283026502124201
-1.4869272013708468,-2.6543081663031876,-2.007336458121045
1.2456514420379206,-0.56453978894212,0.6966829572631728
-0.14963422744402877,-1.2946372691021613,-1.5489467162329573
0.7270910806460584,0.927553035381079,1.1118103629116804
-0.20938946440378636,0.12834090215576577,-0.020746887966816008
1.1209276642738741,1.0585757181911903,1.4214567337621942
-1.7419319609020878,-2.1792347400351186,-0.9616368286444965
0.8002667555851994,1.9385432817415893,0.7230657989877098
1.3893483294740383,1.4142510251096363,1.4049841041944289
1.3866231647634564,1.2173623231623187,0.6775889967637561
-0.11799410029498247,-0.10484814349465132,0.27122049221497413
-1.2994683992911926,0.09194684431492739,-0.14025245441794398
1.6756433273488858,2.563480370916027,2.1669341894061
0.1605222323291855,0.451211680805752,1.1881382560879672
-0.21902879427320165,-0.41722043707205225,-0.49490538573506715
0.27840239854375337,1.2619735441690816,0.9947337624341746
-0.5445808862787005,-0.2435769102435592,-0.7821552723059066
0.7730298475413289,-0.7458942368799626,-0.6909975669099677
-0.22906456424461874,-0.17271011660038305,1.7934143473147701
0.09076832719312478,1.737684718670618,1.5981515355733
0.7254881041288685,3.5321443384487727,-0.2842793518430753
0.9426967482258242,1.2515223383116503,2.9459279673097027
-0.31479538300104304,0.36638442668353033,-1.089264285054914
-1.6631578947368442,-2.35191156875576,-1.7732151189920775
-0.5566259901519932,-1.514735567218406,-2.147268408551073
0.19913885898814598,-0.2033220194467722,0.6796776386057024
5.892463877101584,0.2259172239291507,0.18323849937313952
2.921781475093854,0.5032745633232638,1.21293800539084
0.29078363725973944,-0.19899686009052786,0.4375118889100138
0.5159958720330149,0.08662183033560922,0.08522727272728403
-0.938691698445282,1.4247573013708825,0.6906992146844537
0.06909485736845689,0.27289852039089624,0.5638037962788944
0.7891102781613757,0.2801840062298888,0.15884881330592293
-0.2984928557447697,-0.919862300856622,-0.606399850732342
0.6429447852760672,-0.21008233611556903,-0.7227332457293123
0.42426606846777126,0.5740844203690587,1.24799092370238
0.23308891370854568,-2.2317043716286733,-1.3633392473620387
1.4631074075868389,-0.6497142574811932,-0.009467007478924927
1.995893616005362,-0.4583543999535866,-0.056807422836591126
-0.973737184588741,0.5670463629096734,-0.6631299734748075
-0.19382593485557376,-0.5092029111503082,-0.8296776654587057
0.004736642667668711,0.4751918243704356,1.0193287816136154
0.20366598778005507,-0.16151342217950448,0.4664445502141845
0.311968235961424,1.266820421775705,0.7769566041311293
0.8246159645650675,1.7343218776880942,1.1094396389620176
0.808524559517676,-0.8592227537002062,0.6044262599962824
1.4928140936485867,1.4742314096576337,1.589795729734722
0.9181436141056265,-0.814856319538948,-0.06368847238649167
1.1542117412755015,-1.689101943314597,0.34595775673706974
0.3221764811168759,-1.7394659289601822,-0.5534385773906747
-0.6556645851917953,-0.8788638262322457,-2.882948636073346
-1.661204148520623,-1.2676151304699568,0.22545796148425445
-0.8035428936675304,-0.5642627876801365,-0.48739338269753185
-1.3439499240576303,-0.016311393078805025,1.08316850334369
2.528574760905067,1.0921829921692439,1.705180767797243
-1.242207762660974,-1.2349663654277365,0.421438387540074
2.4143015112421784,1.0758328890111857,1.0765441109387819
-1.1337052366384825,-0.2382309649204828,0.4061738424045336
-2.6619949035311175,-1.4055077482026057,-1.0877382236605504
0.1636202141087395,0.44721249080923453,0.9542851949468245
0.06067394754036837,0.8499681369593892,-1.3323730644580478
0.7602966556276014,1.3474626202939044,1.6697080291970812
-1.0786038329784309,-1.7508235948334727,0.6102485865565832
1.4413402592540647,0.6243085868157694,0.3567924360003527
0.632006273930874,0.961333594688818,-0.18665007554884427
-0.7976528834693242,-0.3511585700417874,-0.4096170970614321
2.05637707948243,1.198654795889853,0.375536480686689
0.3531808920081536,-0.09793745396102782,-0.035631569570648836
0.6722916572666104,0.15417228753131784,1.087150240598822
0.887414844030121,0.401569467334828,-0.4055007052186088
1.2172367836517095,0.23664497421072017,0.017702248185513803
-1.76000702247191,-2.8895631572384506,-2.0619469026548654
-1.6217665192333586,-0.9279312440613419,-0.587331706876304
-0.231607629427788,-0.7240679137685113,-1.145246318851112
1.3837680367790872,-0.8833999147062177,1.278043398308193
-4.628922911148026,-5.057866914876796,-5.438039037675901
-0.8850390735335667,-0.1757274190266611,-0.23041474654377225
3.5717678350907223,2.849942556424412,3.454580446497313
-2.137026506466111,-1.606190544825592,-1.7951818435494427
2.202436738519209,2.6578164339665866,3.1540064406137436
-0.43099495644199903,-0.49853738584474394,-0.25709301257919037
-2.3392890034997116,-2.4845611236096077,-1.9976065543588328
1.5230101848359157,0.780352399422779,0.1502911891790415
0.6130695276577836,0.42865220801489023,0.8910148189833045
0.9416978257859032,0.22975771005122603,-1.3944408292274835
-3.4298257648511465,-4.800260942837209,-5.3455265390779605
2.1878107685750825,4.269493961226201,5.8366533864541825
-1.5895083182723813,-2.199768157214954,-1.2328251458686212
-1.8788849124128926,-4.796214546370869,-2.9061457837065263
0.4991121562604839,1.5812485295271017,-0.11776251226692791
2.6073253426292853,3.9142644830681084,2.9671841226174056
1.5358123516544753,-0.6287322269379669,-0.8301526717557128
-6.632442590640331,-1.141121495327102,0.22130279996150914
-2.8375061364752097,-1.6732999933824377,1.2768817204301008
1.081244947453519,1.5114076666442378,0.18959143046735072
3.0290912726182118,3.55935253502051,3.936039360393595
-0.349311080923731,-1.005130831633727,-0.1820664542557915
-1.9279454722492706,-1.5012934220251295,-1.9516643866849037
-5.033756949960278,-2.581250293110726,-2.464886987257009
-1.0036591740721468,-0.24840414777159703,0.06675567423231055
-2.825007920582956,0.7345205347232486,-1.419994281902226
2.4724229745150206,2.0169403828833143,2.204176334106722
1.1082829568352714,-0.30242976960862533,0.9364358683314311
-3.9649656474537,-3.9086566995449767,-3.3830006559835035
-4.778548413521921,0.5647058823529338,-2.783705140640147
-0.11470520761643899,1.1552409920449147,1.3768332834480645
-2.5378961874138684,-1.3232331993716206,-0.03936620411377767
1.3550135501354976,2.4162987850138595,3.2982179777493403
-0.22087886538013635,-0.4014800404340768,0.6290507052992833
3.8448095071653254,4.0041746057582595,3.7128243985603326
-0.768540334343093,0.1905673752335968,-0.8401826484018327
-0.5370569280343629,0.5632638059358763,0.6354761466200065
3.4898260770717338,1.0964611715687633,1.0890454836643082
-4.399165202108978,-5.02607485335721,-3.1866739091073626
-1.11449416901247,1.7043832435621686,0.6171685057041243
-3.5612618369836757,-3.008243429116808,-4.00557620817843
0.6566265060240939,0.286519130216667,2.643043857101346
-0.5745406667065689,1.1735847241594932,0.9337860780984863
0.2829109733341273,1.134299976230091,0.44855620970001286
1.092436974789912,-0.16734356197352085,0.3442180667969197
-3.2003325020781292,-1.8645823523872451,-3.1244205451511298
-0.9323437404158752,-2.4536992611073782,-2.966791080486164
1.3002290879821743,1.1981938555674754,1.0553309004832867
-3.1171688772080097,-0.5540920181586695,-0.2732773765371732
-2.523500094631259,-1.329410269694331,-2.1041299667253877
-3.88971587599507,-2.9591543574959633,-3.229031290612816
-2.5858585858585914,-0.3389346019560091,-4.173553719008261
7.03719065394719,6.4780479809879,6.824062095730921
-0.6458279514337417,0.4252207877166958,0.6256938137046975
0.05200208008320217,-0.651415871556138,-0.7822685788787309
